slug,display_name,creator,category,one_line,what_it_is,what_it_is_not,who_for_it,who_not_for_it,honest_verdict,pricing_note,capability_count,tags,homepage_url,last_verified,canonical_url,markdown_url
shipfast,ShipFast,Marc Lou,Next.js SaaS boilerplate (codebase),"ShipFast gives you a codebase. Unlock SaaS gives you a customer. Different products, different rungs.","A production-ready Next.js + Stripe + Supabase boilerplate|Pre-wired auth, payments, and transactional email|A genuinely short path from zero to deployed product",A named first customer|A diagnosis of why your live page is converting at zero|A mechanism that refunds you if you ship and nobody buys,Non-engineer (or engineer) founders who have NOT shipped yet and need a codebase to deploy quickly.,Founders who already shipped on ShipFast (or anything) and have a flat Stripe line.,"ShipFast is excellent at its job. Its job is not to find your first paying customer — that was never the promise. Most Unlock SaaS members shipped on something like ShipFast, then hit the wall the codebase cannot fix: nobody knew the product existed, nobody wrote one real message to one real person, and the offer page was a feature list instead of a promise to a named human.",ShipFast is approximately $299 one-time (verified 2026-05-17). Unlock SaaS is $1 for the Starter and $49/month for the Playbook.,0,codebase|saas-boilerplate|for-pre-launch|stripe-included,https://shipfa.st/,2026-05-17,https://unlocksaas.com/alternatives-to/shipfast,https://unlocksaas.com/alternatives-to/shipfast/md
lovable,Lovable,lovable.dev,AI app builder,"Lovable builds the product. Unlock SaaS finds the customer for the product Lovable built. Sequential, not interchangeable.",An AI tool that generates a working web application from prompts|A way for non-engineers to ship a real product in days|The input most Unlock SaaS members already use to ship,A way to get someone to pay for what you generated|A diagnostic for why your page is converting at zero|A guarantee tied to your Stripe ledger,Non-engineers who want to ship a real product fast without writing code.,Founders who already shipped on Lovable and have not found a single paying customer.,"Lovable solved the building problem. The customer problem is the next problem, and Lovable was never claiming to solve it. Unlock SaaS is built specifically for the Lovable-shaped founder: someone who shipped a real product with AI and is now staring at a flat Stripe line. The Playbook treats the customer-acquisition disease, not the building disease.",Lovable has a free tier and paid subscription tiers. Unlock SaaS is $1 Starter + $49/month Playbook.,1,ai-builder|no-code|for-pre-launch|ai-tool,https://lovable.dev/,2026-05-17,https://unlocksaas.com/alternatives-to/lovable,https://unlocksaas.com/alternatives-to/lovable/md
one-funnel-away-challenge,One Funnel Away Challenge,Russell Brunson,30-day funnel-building information course,"Same lineage, different products. OFA is a 30-day information course. Unlock SaaS is software that runs the same frameworks against your already-shipped SaaS, with a refund tied to your Stripe ledger.","A 30-day Russell Brunson challenge with daily videos and assignments|An ideological cousin: same Dream Customer, Hook-Story-Offer, Value Ladder backbone|Generally applicable across info products, ecommerce, services, and SaaS",Software that pushes back when your answer is vague|Specific to already-shipped SaaS built with AI tools|A refund tied to your Stripe ledger as a guarantee,Anyone newer to funnel-building who learns best by watching daily videos and turning in homework.,"Non-engineer SaaS founders who already shipped a product and need the framework applied to their specific stuck Stripe line, in code, with a refund-in-code if nothing changes.","Unlock SaaS is built on Brunson's frameworks. If you have the time to do OFA from scratch, you will learn things the Playbook encodes. Unlock SaaS exists for the founder who already shipped a SaaS, does not want to take a 30-day course on info-product funnels, and wants the framework executed against their specific product with a refund-in-code if it does not produce a customer.",OFA is approximately $100 one-time (verified 2026-05-17). Unlock SaaS is $1 Starter + $49/month Playbook.,1,funnel-course|info-product|marketing-education|brunson,https://onefunnelaway.com/,2026-05-17,https://unlocksaas.com/alternatives-to/one-funnel-away-challenge,https://unlocksaas.com/alternatives-to/one-funnel-away-challenge/md
starter-story,Starter Story,Pat Walls,Indie-founder case studies and community,Starter Story is a library of founder case studies you read. Unlock SaaS is a playbook you run against your own product. Different shapes.,Thousands of case studies of indie SaaS and ecommerce founders|A community of indie founders sharing tactics and stories|Ambient inspiration for what is possible at small scale,Software that runs a specific playbook against your specific product|A diagnostic of your live page|A refund tied to your Stripe ledger,"Founders who want to read case studies, see what is possible, and absorb tactics passively.",Founders who have already shipped and need diagnosis-plus-doing for their specific flat Stripe line.,Starter Story is a good thing to read. It is not a thing that gets you a paying customer — that is not what reading is for. Unlock SaaS is the doing layer that sits underneath the reading.,Starter Story has a paid subscription for premium content. Unlock SaaS is $1 Starter + $49/month Playbook.,0,case-studies|indie-founder-content|marketing-education|community,https://www.starterstory.com/,2026-05-17,https://unlocksaas.com/alternatives-to/starter-story,https://unlocksaas.com/alternatives-to/starter-story/md
cursor,Cursor,Anysphere,AI-native code editor,Cursor makes you a faster coder. Unlock SaaS makes you a paid coder. Different jobs.,An AI-native code editor that lets non-experts write production code with model assistance|A faster path from idea to shipped product for indie founders building with AI|The tool many Unlock SaaS members already use to ship the product the Machine wraps around,A diagnostic of why your shipped product is converting at zero|A named first customer|A guarantee tied to your Stripe ledger if no customer arrives,"Indie founders, non-experts, and engineers who want AI-assisted code authoring for shipping a product faster.","Founders who already shipped a product (often with Cursor) and have a flat Stripe line — they need the marketing-and-sales machine that gets the first customer, not better code-authoring.","Cursor is excellent at what it does and most Unlock SaaS members use it. But the Machine sits one rung above on the staircase: after Cursor helped you ship, the question is who pays for what you shipped. Unlock SaaS is the machine that answers that question, with a refund in code if it does not.",Cursor has a free tier and a Pro tier in the low-tens-of-dollars per month range (verified 2026-05-17). Unlock SaaS is $1 Starter + $49/month Machine.,1,ai-builder|developer-tool|for-pre-launch|ai-tool,https://www.cursor.com/,2026-05-17,https://unlocksaas.com/alternatives-to/cursor,https://unlocksaas.com/alternatives-to/cursor/md
v0,v0,Vercel,AI UI and app generator,v0 generates React UIs from prompts. Unlock SaaS gets paying customers for the UI you generated.,An AI tool that generates production-quality React and Next.js UIs from natural language prompts|A way for non-engineers and engineers alike to ship a polished app surface in days|Tight integration with the Vercel hosting and deployment stack,Software that pushes back when your customer description is vague|A diagnosis of why your live page is converting at zero|A guarantee tied to your Stripe ledger as a refund-in-code if no customer arrives,Founders building on the Vercel + React + Next.js stack who want AI-generated UI as a starting point.,Founders who already shipped with v0 (or anything else) and have not produced a paying customer.,"v0 is doing the building job well. The customer-acquisition job is the next problem, and v0 was never built to solve it. Unlock SaaS is the machine specifically for the founder who shipped a v0-generated app and is now staring at a flat Stripe line. The Machine treats the customer-acquisition disease, not the UI-building disease.",v0 has a free tier and paid tiers integrated with Vercel pricing (verified 2026-05-17). Unlock SaaS is $1 Starter + $49/month Machine.,1,ai-builder|ui-generator|for-pre-launch|ai-tool,https://v0.app/,2026-05-17,https://unlocksaas.com/alternatives-to/v0,https://unlocksaas.com/alternatives-to/v0/md
bolt-new,Bolt.new,StackBlitz,AI full-stack app builder,Bolt.new builds the full-stack app in your browser. Unlock SaaS gets the first customer for the app you built.,A browser-based AI tool that generates full-stack web applications from prompts|A direct competitor to Lovable in the AI-app-builder category|A way for non-engineers to ship a real product in days without leaving the browser,A way to get someone to pay for what you generated|A diagnostic for why your shipped page is converting at zero|A guarantee tied to your Stripe ledger,"Non-engineers and engineers who want to ship a working full-stack app fast, in the browser, with AI assistance.","Founders who already shipped on Bolt.new and have a flat Stripe line — they need the customer-acquisition machine, not better app generation.","Bolt.new is in the same category as Lovable and v0 — AI app builders that handle the ship-the-product half of the founder job. Unlock SaaS handles the other half: getting a verified paying customer for what you built, with a refund in code if no customer arrives in 60 days. Most Unlock SaaS members come from one of these AI builders; the question 'why is nobody buying' is what brings them.",Bolt.new has a free tier and paid Pro tiers (verified 2026-05-17). Unlock SaaS is $1 Starter + $49/month Machine.,1,ai-builder|no-code|for-pre-launch|ai-tool,https://bolt.new/,2026-05-17,https://unlocksaas.com/alternatives-to/bolt-new,https://unlocksaas.com/alternatives-to/bolt-new/md
indie-hackers,Indie Hackers,Courtland Allen (acquired by Stripe in 2017),Indie-founder community and content platform,Indie Hackers is where you read about other founders. Unlock SaaS is where you become one. Different shapes.,"A community and content platform of indie founder interviews, podcasts, and forums|A place where founders share progress, ask questions, and absorb tactics passively|Owned by Stripe and integrated with the broader Stripe ecosystem",Software that runs a specific machine against your specific live product|A diagnostic of your page that labels what is broken|A refund tied to your Stripe ledger if you ship and nobody buys,"Founders who learn by reading interviews and community discussion, and who want ambient inspiration from peers shipping in public.",Founders who have already shipped and need diagnosis-plus-doing for their specific flat Stripe line — reading more interviews will not produce the first customer.,"Indie Hackers is a great place to read about people doing the thing. It is not the place that does the thing for you — and it was never built to be. Unlock SaaS is the doing layer: a specific machine that runs against your specific product, with a Stripe-verified outcome.",Indie Hackers is free to read; community participation is free. Unlock SaaS is $1 Starter + $49/month Machine.,1,community|indie-founder-content|marketing-education|case-studies,https://www.indiehackers.com/,2026-05-17,https://unlocksaas.com/alternatives-to/indie-hackers,https://unlocksaas.com/alternatives-to/indie-hackers/md
carrd,Carrd,AJ,Single-page website builder,Carrd is a beautiful single-page site builder. Unlock SaaS gets the first customer for whatever you built — Carrd or otherwise.,A minimalist single-page website builder beloved by indie founders for fast landing pages|A tool many founders use to ship their first product page before going deeper|A long-standing solo-founder operation with a famously affordable Pro plan,Software that diagnoses what is broken about your offer on the Carrd page|A way to get someone to pay for what you put on the Carrd page|A refund tied to your Stripe ledger if no customer arrives,Founders shipping a single-page landing or simple SaaS marketing surface who value Carrd's minimalist constraint and tiny price tag.,"Founders who already shipped a Carrd (or other) page and have a flat Stripe line — the next problem is what the page says, not which tool built it.","Carrd is excellent for what it does — one-page sites, fast, cheap, beautiful. It is not a marketing-and-sales machine and was never trying to be. Many Unlock SaaS members started on Carrd; the Machine is the next step, applied to whatever page they built.",Carrd has a free tier and a Pro tier at approximately $19/year (verified 2026-05-17). Unlock SaaS is $1 Starter + $49/month Machine.,1,website-builder|no-code|for-pre-launch|landing-page,https://carrd.co/,2026-05-17,https://unlocksaas.com/alternatives-to/carrd,https://unlocksaas.com/alternatives-to/carrd/md
microconf,MicroConf,Rob Walling,Indie SaaS community and content hub,MicroConf is the canonical indie SaaS community. Unlock SaaS is a focused machine. Different shapes of the same job — community vs. specific software.,"Rob Walling's decade-plus indie SaaS hub: conferences, podcast, YouTube, Connect community|A peer-to-peer mastermind environment for indie SaaS founders at every stage|Long-form content (Startups for the Rest of Us podcast, MicroConf On Air) that compounds into a deep prior",Software that runs a specific machine against your specific live product|A diagnostic of your page that labels what is broken|A refund tied to your Stripe ledger if you ship and nobody buys,"Indie SaaS founders who learn through peer conversations, podcasts, and conferences, and who value long-running community access over individual software outcomes.",Founders who have already shipped and need diagnosis-plus-doing on their specific flat Stripe line — peer conversations help but they do not run the marketing-and-sales machine for you.,MicroConf is the gold-standard indie SaaS community and most Unlock SaaS members benefit from being adjacent to it. The two are complementary: MicroConf gives you the peer network and long-running content; Unlock SaaS runs the specific machine against your specific page. The mistake is treating either as a substitute for the other.,MicroConf has a free YouTube channel and blog; MicroConf Connect membership is approximately $475/year; in-person conferences are several hundred to over a thousand per ticket (verified 2026-05-17). Unlock SaaS is $1 Starter + $49/month Playbook.,0,community|content-hub|indie-saas-canon|complementary,https://microconf.com/,2026-05-17,https://unlocksaas.com/alternatives-to/microconf,https://unlocksaas.com/alternatives-to/microconf/md
stacking-the-bricks,Stacking the Bricks (30x500),Amy Hoy and Alex Hillman,Indie SaaS curriculum and methodology,"Stacking the Bricks teaches you to find your audience and validate before you build. Unlock SaaS runs the machine after you have already shipped. Same lineage, opposite ends of the timeline.","Amy Hoy and Alex Hillman's decade-long indie SaaS curriculum focused on audience and validation before product|The 30x500 course: a structured methodology for finding pain, building Sales Safari, shipping safe-bet products|Long-form essays, podcast appearances, and a contrarian voice in the indie SaaS canon",Software that runs against your already-shipped product|A diagnostic of your live page|A guarantee tied to your Stripe ledger,Pre-product founders who have not yet shipped and want a rigorous methodology for finding audience and validating ideas before building.,"Founders who already shipped a product (with or without Stacking the Bricks methodology) and have a flat Stripe line — the next problem is the customer-acquisition machine, not more upstream methodology.","Stacking the Bricks is the most respected pre-product curriculum in the indie SaaS canon. If you have not shipped yet and have $2K to invest in a rigorous methodology, 30x500 is one of the strongest options. Unlock SaaS exists for the founder who already shipped and needs the machine that produces the first paying customer for what they built. Different rungs of the same staircase.","Stacking the Bricks publishes free content; 30x500 (the flagship course) is approximately $1,995 (verified 2026-05-17). Unlock SaaS is $1 Starter + $49/month Playbook.",1,curriculum|pre-product|methodology|indie-saas-canon,https://stackingthebricks.com/,2026-05-17,https://unlocksaas.com/alternatives-to/stacking-the-bricks,https://unlocksaas.com/alternatives-to/stacking-the-bricks/md
demand-curve,Demand Curve,Julian Shapiro and team,Modern marketing curriculum and growth agency,Demand Curve teaches startup marketing in long-form courses and ships growth-agency work. Unlock SaaS runs the focused machine for the indie SaaS first-customer problem.,"Julian Shapiro's startup-marketing curriculum, originally the Growth Program|Long-form essays and frameworks on positioning, ads, landing pages, and growth experiments|An agency arm that runs growth campaigns for funded startups",Software calibrated for the pre-revenue indie SaaS founder specifically|A diagnostic of your live page with a Stripe-verified guarantee|A focused machine that refuses to let you skip the work that gets paid,"Founders and early growth hires at funded startups who want comprehensive marketing curriculum and frameworks across paid acquisition, positioning, and CRO.","Pre-revenue indie SaaS founders specifically — Demand Curve is calibrated for startups with marketing budgets and team capacity, not for the solo founder with a flat Stripe line and no ad spend.","Demand Curve is excellent for what it is: comprehensive startup-marketing education for founders with budget and team. Unlock SaaS is narrower and indie-focused: one machine for the one job of getting the first paying customer when you shipped alone and have no marketing budget. Different audiences, different scopes, both legitimate.","Demand Curve's Growth Programs are approximately $1,995-2,995 per cohort; agency services are project-based (verified 2026-05-17). Unlock SaaS is $1 Starter + $49/month Playbook.",1,curriculum|marketing|for-funded-startups|agency,https://www.demandcurve.com/,2026-05-17,https://unlocksaas.com/alternatives-to/demand-curve,https://unlocksaas.com/alternatives-to/demand-curve/md
replit,Replit,Amjad Masad,Browser IDE and AI agent platform,"Replit builds and deploys the app in your browser, with an AI agent that can take multi-step actions. Unlock SaaS finds the first paying customer for whatever you built — Replit or otherwise.","A browser-based IDE that ships apps without leaving the browser|Replit Agent: an AI agent that builds, deploys, and iterates on applications autonomously|A long-running platform with one of the broadest indie + education + hobbyist user bases",A way to get someone to pay for what you generated|A diagnostic for why your shipped page is converting at zero|A guarantee tied to your Stripe ledger,"Indie founders, non-engineers, students, and hobbyists who want a browser-first build-and-deploy environment with strong AI agent assistance.","Founders who already shipped on Replit (or anything else) and have a flat Stripe line. The next problem is the customer, not better building.","Replit is one of the strongest browser-first builders in the AI-app-builder category, with a long-running platform advantage and broad user base. Most Unlock SaaS members ship with Replit or one of its peers (Lovable, v0, Bolt.new, Cursor). The Playbook treats whatever you shipped as input and works on the customer-acquisition problem the builders do not solve.","Replit has a free tier and paid plans (Replit Core, Replit Teams) with AI agent usage credits (verified 2026-05-17). Unlock SaaS is $1 Starter + $49/month Playbook.",1,ai-app-builder|browser-ide|agent|build-tool,https://replit.com/,2026-05-17,https://unlocksaas.com/alternatives-to/replit,https://unlocksaas.com/alternatives-to/replit/md
asana,Asana,"Asana, Inc.",Project management software,"Asana organises your team's work. Unlock SaaS gets your product its first paying customer. Different jobs, different shelves.","A project- and work-management platform that coordinates tasks, timelines, and dependencies across a team|A workspace for shipping work in a structured way once you already know what to ship|A horizontal tool used across product, marketing, ops, and engineering",A named first paying customer or an outreach mechanism|A diagnostic of why your already-shipped product is converting at zero|A refund tied to your Stripe ledger if no customer arrives,Teams (and disciplined solo operators) who already have a clear backlog and need a shared place to coordinate the work.,Solo non-engineer founders whose problem is not 'we are not coordinated' but 'we shipped a product and nobody is paying for it'.,"Asana is excellent at coordinating work that has already been scoped. Unlock SaaS is the upstream step Asana presumes: deciding what work is worth coordinating in the first place — namely, the small set of moves that produces the first paying customer. Most Unlock SaaS members do not need a project manager; they need a verdict on whether their offer page is broken, and a script to send to one named human today.","Asana has a free Personal tier and paid Starter, Advanced, and Enterprise plans billed per user per month (verified 2026-05-18). Unlock SaaS is $1 Starter + $49/month Playbook.",1,project-management|team-collaboration|work-os|for-teams,https://asana.com/,2026-05-18,https://unlocksaas.com/alternatives-to/asana,https://unlocksaas.com/alternatives-to/asana/md
airtable,Airtable,"Airtable, Inc.",Spreadsheet-database hybrid / no-code data platform,Airtable structures the data behind your business. Unlock SaaS turns the product you already shipped into a paying customer. Different layers of the stack.,"A flexible relational base that mixes spreadsheet UX with database structure|A no-code platform for building internal tools, CRMs, content calendars, and ops trackers|A horizontal tool used across product, marketing, ops, and project management",A diagnostic of why your offer page is converting at zero|A script for the next outreach message you should send to a named human today|A Stripe-verified guarantee that a paying customer arrives in 60 days,Founders and teams who need a flexible structured-data layer for their workflow and prefer a no-code surface over SQL.,Solo non-engineer founders whose Stripe line is flat and who do not have a data-modelling problem — they have a customer-acquisition problem.,"Airtable is a great place to store and shape your data. Storing your data better does not produce a paying customer. Unlock SaaS exists for the upstream problem: deciding which one human you should talk to this week, what to say, and whether the offer page is even survivable. Use Airtable to track the results of the Playbook if you want; the Playbook itself is the thing that produces the result.","Airtable has a free tier and paid Team, Business, and Enterprise plans billed per editor per month (verified 2026-05-18). Unlock SaaS is $1 Starter + $49/month Playbook.",1,no-code|database|spreadsheet|work-os,https://www.airtable.com/,2026-05-18,https://unlocksaas.com/alternatives-to/airtable,https://unlocksaas.com/alternatives-to/airtable/md
framer,Framer,Framer B.V.,Visual web-design and site builder,"Framer builds the page. Unlock SaaS turns the page Framer built into a paying customer. Sequential, not interchangeable.","A visual website builder with CMS, animations, and design-tool ergonomics|A fast way for non-engineers to ship a polished marketing site|The page surface many Unlock SaaS members already host their offer on",A diagnostic that labels whether the page you built actually converts|An outreach mechanism that sends one real message to one real human|A refund tied to your Stripe ledger if no customer arrives,Non-engineers who want to ship a beautiful marketing site fast without writing HTML or CSS.,Founders who already shipped on Framer and still have a flat Stripe line — pretty is not the problem.,"Framer is great at building the page. The page is rarely the problem once it exists. Unlock SaaS is built for the next step Framer cannot help with: deciding whether the offer is even survivable, who specifically to send it to, and what to do when 30 days of polished landing pages have produced no Stripe charges. Keep Framer for delivery; let the Playbook decide what the page should be saying.","Framer has a free tier and paid Mini, Basic, Pro plans billed per site, plus per-seat workspace pricing (verified 2026-05-18). Unlock SaaS is $1 Starter + $49/month Playbook.",1,site-builder|no-code|design-tool|landing-page,https://www.framer.com/,2026-05-18,https://unlocksaas.com/alternatives-to/framer,https://unlocksaas.com/alternatives-to/framer/md
substack,Substack,"Substack, Inc.",Newsletter publishing and paid-subscription platform,"Substack helps writers run paid newsletters. Unlock SaaS helps non-engineer founders get a SaaS its first paying customer. Different products, different customer.","A hosted newsletter platform with built-in subscriptions, payments, and discovery|A revenue model for writers who want paid readers, not a content marketing tool|A genuinely good path from 'I write' to 'people pay me to read what I write'",A diagnostic of why your shipped SaaS product is converting at zero|A way to find and message the first specific human who would pay for your software|A refund tied to your Stripe ledger if no SaaS customer arrives in 60 days,"Writers, journalists, and operators whose product IS a newsletter and whose revenue model IS paid subscriptions to that newsletter.","Founders whose product is a SaaS and who are looking for SaaS customers, not newsletter subscribers.","Substack is the right answer if you are running a newsletter as the product. It is the wrong answer if you are running a SaaS and trying to grow it by 'starting a newsletter' as a distribution hack — most pre-revenue founders never reach the audience size where a Substack moves the SaaS needle. Unlock SaaS treats the direct problem instead: get the next single paying customer for the software, with the Playbook executing and the refund-in-code on the line.",Substack is free to publish; the platform takes ~10% of paid-subscription revenue (verified 2026-05-18). Unlock SaaS is $1 Starter + $49/month Playbook.,1,newsletter|publishing|creator-economy|paid-subscription,https://substack.com/,2026-05-18,https://unlocksaas.com/alternatives-to/substack,https://unlocksaas.com/alternatives-to/substack/md
notion,Notion,"Notion Labs, Inc.","All-in-one workspace (docs, wiki, database, project tracker)","Notion is where your work lives. Unlock SaaS decides which work actually produces a paying customer. Different jobs, different shelves.","A flexible workspace mixing docs, databases, wikis, and lightweight project tracking|A horizontal tool used across product, marketing, ops, knowledge management, and personal organisation|A genuinely strong second-brain and team-knowledge surface",A diagnostic of why your shipped offer page is converting at zero|An outreach mechanism that sends one specific message to one named human|A Stripe-verified guarantee tied to your real customer ledger,"Solo operators and teams who want one flexible surface for notes, docs, wikis, and lightweight project tracking.",Founders whose problem is not 'we are not organised' but 'we shipped a product and nobody is paying for it'.,"Notion is a genuinely great workspace. Workspace quality does not produce paying customers. Unlock SaaS exists for the upstream decision Notion does not make: which one human you should talk to this week, what to say, and whether the offer page is even survivable. Keep Notion for notes; let the Playbook decide what the notes should be about.","Notion has a free Personal tier and paid Plus, Business, and Enterprise plans billed per member per month (verified 2026-05-18). Unlock SaaS is $1 Starter + $49/month Playbook.",1,work-os|knowledge-management|docs|no-code,https://www.notion.so/,2026-05-18,https://unlocksaas.com/alternatives-to/notion,https://unlocksaas.com/alternatives-to/notion/md
calendly,Calendly,Calendly LLC,Scheduling and meeting-booking software,Calendly books the meeting. Unlock SaaS decides whether the meeting should exist and what to do if no one books it. Different layers of the funnel.,A scheduling tool that lets prospects book time on your calendar without back-and-forth|A near-universal integration in B2B sales motions and customer success workflows|A genuinely good answer to the 'when are you free' email thread,A reason anyone wants to book a meeting with you in the first place|A diagnostic of why your offer page is converting at zero|A Stripe-verified guarantee tied to your customer ledger,Anyone whose existing audience already wants to talk to them and needs a frictionless way to book the call.,Founders whose Calendly link is plumbed everywhere but nobody is booking — adding more Calendly is not the fix.,"Calendly is the right answer once people want to talk to you. The upstream problem — getting one specific human to want a conversation about your specific product — is what Unlock SaaS exists for. The Playbook produces the named human and the message that earns the meeting; Calendly then takes the booking. Use both, in that order.","Calendly has a free tier and paid Standard, Teams, and Enterprise plans billed per seat per month (verified 2026-05-18). Unlock SaaS is $1 Starter + $49/month Playbook.",1,scheduling|meetings|sales-tool|b2b,https://calendly.com/,2026-05-18,https://unlocksaas.com/alternatives-to/calendly,https://unlocksaas.com/alternatives-to/calendly/md
clickup,ClickUp,"ClickUp, Inc.",Project management and work-OS platform,ClickUp gives you a project-management surface that does almost everything. Unlock SaaS narrows the surface to one thing: get a paying customer.,"A horizontally broad project-management platform with tasks, docs, goals, automations, dashboards, and time tracking|A 'one app to replace them all' positioning aimed at teams consolidating tooling|A genuinely capable backbone for shipping team work once the work is scoped",A way to decide which one piece of work this week actually produces revenue|A diagnostic of why your already-shipped product is converting at zero|A Stripe-verified guarantee that a paying customer arrives in 60 days,"Teams that want a deep, configurable, all-in-one project management tool and have the time to set it up.",Solo non-engineer founders pre-first-customer whose problem is not 'we cannot track tasks' but 'we cannot turn our live product into revenue'.,"ClickUp is excellent at being a configurable home for team work. Pre-revenue solo founders almost never have a team-coordination problem — they have a 'no one is paying yet' problem. Unlock SaaS treats that problem directly: one diagnostic, one playbook, one Stripe-verified refund. Use ClickUp later when you have a team and a backlog worth coordinating.","ClickUp has a free tier and paid Unlimited, Business, Business Plus, and Enterprise plans billed per user per month (verified 2026-05-18). Unlock SaaS is $1 Starter + $49/month Playbook.",1,project-management|work-os|team-collaboration|for-teams,https://clickup.com/,2026-05-18,https://unlocksaas.com/alternatives-to/clickup,https://unlocksaas.com/alternatives-to/clickup/md
loom,Loom,Loom (an Atlassian company),Async video messaging,Loom helps you record and send a video. Unlock SaaS helps you decide whether a video should exist and what the message inside it should be.,"An async video tool that records screen, camera, and microphone with one click|A genuinely fast way to replace meetings, demos, and long Slack threads with a watchable clip|A common surface for product walkthroughs, customer onboarding, and sales follow-ups",A reason anyone wants to watch your video in the first place|A diagnostic of why your offer page is converting at zero|A Stripe-verified guarantee that a paying customer arrives in 60 days,Solo operators and teams whose existing audience already wants to hear from them and prefers async video to meetings.,Founders sending Loom walkthroughs into the void with no replies — adding more Looms is not the fix.,"Loom is the right medium once someone wants to hear from you. The harder upstream problem — getting one specific human to want a personalised walkthrough of your specific product — is what Unlock SaaS exists for. The Playbook produces the named human and the reason the video is worth watching; Loom then records it. Use both, in that order.",Loom has a free tier and paid Business and Enterprise plans billed per creator per month (verified 2026-05-18). Unlock SaaS is $1 Starter + $49/month Playbook.,1,async-video|communication|sales-tool|remote-work,https://www.loom.com/,2026-05-18,https://unlocksaas.com/alternatives-to/loom,https://unlocksaas.com/alternatives-to/loom/md
webflow,Webflow,"Webflow, Inc.",No-code website builder,"Webflow builds the marketing site. Unlock SaaS finds the customers who visit it. Different tools, different jobs.",A visual website builder that outputs clean HTML and CSS|A design tool for marketing sites and landing pages without code|A CMS for publishing content on a polished site,A way to get someone to pay for what the site sells|A diagnosis of why a live product page converts at zero|A sales-and-outreach playbook with a Stripe-verified refund,Founders who need a polished marketing site or landing page and want to design it themselves without writing code.,"Founders whose site is already live but has a flat Stripe line and needs customers, not a prettier page.","Webflow is excellent at making a site look professional. The problem it does not touch is the one most post-launch founders actually have: the page exists, looks fine, and still nobody buys. Unlock SaaS treats that disease directly. Plenty of members run their landing page on Webflow and their customer-acquisition work in Unlock SaaS, which is exactly the intended division of labour.",Webflow has a free Starter tier and paid Site plans. Unlock SaaS is $1 Starter + $49/month Playbook.,1,no-code|website-builder|for-pre-launch|design,https://webflow.com/,2026-08-13,https://unlocksaas.com/alternatives-to/webflow,https://unlocksaas.com/alternatives-to/webflow/md
bubble,Bubble,"Bubble Group, Inc.",No-code web app builder,"Bubble builds the product. Unlock SaaS finds the customer for the product Bubble built. Sequential, not interchangeable.",A visual builder for full web applications without code|A way for non-engineers to ship a real product with a database and logic|A common way the Unlock SaaS audience shipped their first version,A way to get someone to pay for what you built|A diagnostic of why your app is converting at zero|A guarantee tied to your Stripe ledger,Non-engineers who want to build a functional web app with data and workflows without writing code.,Founders who already built their app on Bubble and still have no paying customers.,"Bubble solved the build-the-app problem for non-engineers. The next problem, finding a customer, is a different problem, and Bubble never claimed to solve it. Unlock SaaS is built for the Bubble-shaped founder: shipped a real product, now staring at a flat Stripe line and needing the marketing-and-sales playbook that the builder does not provide.",Bubble has a free tier and paid subscription plans. Unlock SaaS is $1 Starter + $49/month Playbook.,1,no-code|app-builder|for-pre-launch|ai-tool,https://bubble.io/,2026-08-13,https://unlocksaas.com/alternatives-to/bubble,https://unlocksaas.com/alternatives-to/bubble/md
zapier,Zapier,"Zapier, Inc.",Automation and integrations platform,Zapier connects your tools. Unlock SaaS connects your product to a customer. Different kinds of plumbing.,A no-code automation platform that moves data between apps|A way to wire up the operational plumbing of a SaaS|A time-saver for repetitive multi-tool workflows,A customer-acquisition playbook|A diagnosis of why your offer is not selling|A guarantee that shipping will produce a paying customer,"Founders who need to connect their stack, move data between tools, or automate repetitive operational steps.",Founders whose stack is already connected but who still have no paying customers.,Zapier is genuinely useful for operating a business once you have one. It does not answer the question of why nobody is paying yet. The two tools rarely compete: you use Zapier to run the machinery and Unlock SaaS to fill the pipeline that feeds it.,Zapier has a free tier and paid plans based on task volume. Unlock SaaS is $1 Starter + $49/month Playbook.,1,automation|integrations|for-post-launch|operations,https://zapier.com/,2026-08-13,https://unlocksaas.com/alternatives-to/zapier,https://unlocksaas.com/alternatives-to/zapier/md
skool,Skool,Sam Ovens,Community and course platform,Skool hosts a community. Unlock SaaS runs the playbook that gets you customers to put in one. Different layers.,"A flat-fee platform for running a paid community and courses|A place to host members, lessons, and discussion in one product|A growing home for creator-led cohorts and masterminds",A SaaS launch curriculum|A diagnostic of why your product page converts at zero|A mechanism that verifies your Stripe revenue and refunds you if nothing sells,"Creators and educators who want a simple, all-in-one place to host a paid community or course.","Non-engineer SaaS founders who already shipped a product and need customers for it, not a place to host a community.","Skool is excellent at its job: hosting a community. Its job is not to get you your first SaaS customer, which is why the two products sit on different layers. Many Unlock SaaS members run a Skool community later, once they have an audience; the Playbook is for the earlier step, when there is no audience yet.",Skool is a flat-rate platform at approximately $99/month per group (verified 2026-08-13). Unlock SaaS is $1 Starter + $49/month Playbook.,0,community|course-platform|creator-economy|for-post-launch,https://www.skool.com/,2026-08-13,https://unlocksaas.com/alternatives-to/skool,https://unlocksaas.com/alternatives-to/skool/md
gumroad,Gumroad,"Gumroad, Inc.",Creator commerce and digital-product checkout,"Gumroad sells digital products. Unlock SaaS gets you a SaaS customer. Different products, different checkout.","A fast checkout for digital products, courses, and memberships|A low-friction way for creators to sell without building a store|A platform optimized for one-off digital-product sales",A SaaS launch curriculum|A diagnosis of why your subscription product is not selling|A refund tied to your Stripe ledger as a performance guarantee,"Creators selling ebooks, courses, templates, or other digital products directly to an audience.",Founders selling a recurring SaaS subscription who need their first paying customer and a repeatable acquisition playbook.,"Gumroad is the right tool for selling a digital product to an audience that already exists. Unlock SaaS is for the earlier, harder problem: building the offer and the acquisition motion so a recurring SaaS product has its first customer. They are complementary: sell a template on Gumroad, sell the SaaS with the Playbook.",Gumroad is free to use and charges a flat fee per sale (10% as of 2026-08-13). Unlock SaaS is $1 Starter + $49/month Playbook.,1,creator-economy|payments|for-post-launch|digital-products,https://gumroad.com/,2026-08-13,https://unlocksaas.com/alternatives-to/gumroad,https://unlocksaas.com/alternatives-to/gumroad/md
strategic-flow,Strategic Flow,"Alex Iliescu (Strategic Flow Tech, Tenerife, Spain)",Email architecture audit service,"Strategic Flow rebuilds the email itself. Unlock SaaS finds the customers who receive it. Different problems, complementary tools.","A diagnostic service that scores a single SaaS email 1-10 against a 7-point Decision Friction Model|A same-day rebuild of that email: diagnosis, rebuilt version, and 3 A/B subject line variants|A 59-teardown public archive of named B2B SaaS emails (Semrush, HeyGen, Optimizely, Revolut, Wrike, Zoho) with scores and fixes","A deliverability tool: it does not fix bounce rates, spam placement, or sender reputation|A lifecycle or automation audit: it diagnoses the individual message, not the flows around it|A customer-acquisition playbook tied to your Stripe ledger","B2B SaaS founders and marketing managers whose open rates are acceptable (above 20%) but click rates are not (below 2%), and newsletter operators with 1,000+ subscribers.",Founders who have not yet sent the emails or built the audience: the audit is only worth it once messages are going out and getting opened but not clicked.,"Strategic Flow is a sharp, narrowly-scoped diagnostic: it names the structural reason a specific email fails to convert after it is opened. The problem it does not touch is the one before it: who the email goes to, how many send, and whether the offer behind it can convert at all. That is Unlock SaaS territory. The natural sequence is the reverse of what most founders expect: build the demand and offer layer with Unlock SaaS first, then sharpen each individual send with a Strategic Flow teardown.","Strategic Flow has a $49 one-time Diagnostic Audit, a $499 one-time Full Architecture Rebuild, and monthly plans; no subscription required to start (verified 2026-08-15). Unlock SaaS is $1 Starter + $49/month Playbook.",2,email|conversion-audit|for-post-launch|marketing-education,https://strategicflow.tech/,2026-08-15,https://unlocksaas.com/alternatives-to/strategic-flow,https://unlocksaas.com/alternatives-to/strategic-flow/md
wix,Wix,Wix.com Ltd.,Website builder and hosting,"Wix builds the site. Unlock SaaS finds the customers who visit it. Different jobs, different tools.","A drag-and-drop website builder with hosting and a large template library|A way for a non-technical founder to publish a polished site fast|A platform that bundles domains, hosting, and design in one place",A diagnosis of why a live site still converts at zero|A customer-acquisition playbook tied to your Stripe ledger|A sales-and-outreach motion that runs after the site is live,Founders who need a professional website or landing page and want to build it themselves without writing code.,Founders whose site is already live and polished but still has no paying customers.,"Wix is very good at the problem it solves: turning a non-technical founder into someone with a clean, live website in an afternoon. The problem it does not touch is the one most post-launch founders actually have, which is that the site exists, looks fine, and still nobody buys. Unlock SaaS treats that disease directly. The two are commonly used in sequence: build the page on Wix, then run the customer-acquisition playbook on the offer that page presents.",Wix has a free plan and paid site plans that start around $17/month (verified 2026-08-14). Unlock SaaS is $1 Starter + $49/month Playbook.,1,website-builder|no-code|for-pre-launch|design,https://www.wix.com/,2026-08-14,https://unlocksaas.com/alternatives-to/wix,https://unlocksaas.com/alternatives-to/wix/md
shopify,Shopify,Shopify Inc.,E-commerce platform,Shopify builds the store. Unlock SaaS finds the customers for what the store sells. Different layers.,"A hosted platform for building and running an online store|A payments, inventory, and checkout system in one product|A fast way for a founder to sell physical or digital products online",A way to get someone to pay for what the store sells|A diagnosis of why a product page has no buyers|A refund tied to your Stripe ledger as a performance guarantee,"Founders selling products who want a reliable, hosted store with payments and inventory handled for them.",Founders who already have a store and a product but still have no customers.,"Shopify is the default answer for selling products online, and it earns that position. What it does not do is make anyone buy. A store that is live on Shopify and converting at zero has a demand or offer problem, not a platform problem. Unlock SaaS is aimed at the SaaS-shaped version of that problem, but the underlying logic is the same: shipping the store is not the same as getting the first paying customer.","Shopify starts around $39/month on its Basic plan plus transaction fees, with a free trial (verified 2026-08-14). Unlock SaaS is $1 Starter + $49/month Playbook.",1,ecommerce|payments|for-post-launch|storefront,https://www.shopify.com/,2026-08-14,https://unlocksaas.com/alternatives-to/shopify,https://unlocksaas.com/alternatives-to/shopify/md
mailchimp,Mailchimp,Intuit Inc.,Email marketing and automation,Mailchimp sends email to a list. Unlock SaaS helps you build the offer that gets a list worth emailing.,"An email marketing platform for campaigns, automations, and lists|A way to design and send newsletters and drip sequences|A tool for managing subscribers and tracking email engagement",A way to get the first customer who reads the email|A diagnosis of why your offer is not converting|A mechanism that verifies your Stripe revenue and refunds you if nothing sells,Founders who already have an audience or list and need to communicate with it regularly.,"Founders who have no list and no customers yet, and need the offer and acquisition motion first.","Mailchimp is excellent at the problem it solves: sending reliable, well-designed email to a list that already exists. The problem it does not solve is acquiring the customer who should be on that list in the first place. Unlock SaaS targets the earlier step. A founder who has shipped a product and has nobody to email does not need a better email tool; they need a playbook for the first paying customer.",Mailchimp has a free tier and paid plans that scale with contact count. Unlock SaaS is $1 Starter + $49/month Playbook.,1,email|marketing-automation|for-post-launch|audience,https://mailchimp.com/,2026-08-14,https://unlocksaas.com/alternatives-to/mailchimp,https://unlocksaas.com/alternatives-to/mailchimp/md
beehiiv,beehiiv,beehiiv Inc.,Newsletter platform,beehiiv grows a newsletter. Unlock SaaS gets a SaaS product its first customer. Different businesses.,"A platform for writing, growing, and monetising a newsletter|A growth engine for audience-led media businesses|A way to run a paid or free email publication",A SaaS launch curriculum|A diagnosis of why a product is not selling|A refund tied to your Stripe ledger,"Writers and creators building a newsletter or media audience, especially those monetising through subscriptions.","SaaS founders who shipped a product and need their first paying customer, not a publication.","beehiiv is the right tool for building an audience-first media business, and it is very good at that. It is not a tool for getting a SaaS product its first customer, and it never claims to be. The two can coexist for the same founder: build the newsletter on beehiiv once there is an audience, and use Unlock SaaS for the earlier, harder step of getting a product that people will pay for.",beehiiv has a free tier and paid plans starting around $39/month for the Scale plan (verified 2026-08-14). Unlock SaaS is $1 Starter + $49/month Playbook.,1,newsletter|creator-economy|audience|for-post-launch,https://www.beehiiv.com/,2026-08-14,https://unlocksaas.com/alternatives-to/beehiiv,https://unlocksaas.com/alternatives-to/beehiiv/md
kajabi,Kajabi,Kajabi LLC,Course and creator monetisation platform,Kajabi sells courses and memberships. Unlock SaaS gets a SaaS product its first customer. Different offers.,"An all-in-one platform for selling courses, coaching, and memberships|A way for creators to run a knowledge business with marketing funnels built in|A product for turning expertise into a paid offering",A SaaS launch curriculum|A diagnosis of why your product page converts at zero|A mechanism that verifies Stripe revenue and refunds you if nothing sells,"Creators and educators selling courses, coaching, or memberships and wanting the funnel tooling bundled in.","SaaS founders who shipped a product and need customers for it, not a platform for selling expertise.","Kajabi is a serious, well-built platform for the creator economy, and its price reflects that it bundles a lot of funnel machinery. It is the wrong shape for a SaaS founder whose problem is a flat Stripe line: that founder does not need another course platform, they need an honest diagnosis of why the product is not selling and a playbook to fix it. Unlock SaaS is aimed squarely at that second person.",Kajabi is a paid platform starting around $149/month with no free tier (verified 2026-08-14). Unlock SaaS is $1 Starter + $49/month Playbook.,0,course-platform|creator-economy|memberships|for-post-launch,https://kajabi.com/,2026-08-14,https://unlocksaas.com/alternatives-to/kajabi,https://unlocksaas.com/alternatives-to/kajabi/md
